time;sig_left;sig_right
0.000000;-0.000697;-0.000336
5.208333;-0.000963;-0.000363
10.416667;0.000050;0.000343
15.625000;0.001076;0.000509
20.833334;0.000235;-0.000352
26.041666;-0.001008;-0.000444
31.250000;-0.000695;-0.000249
36.458332;0.000490;0.000694
41.666668;0.001054;0.000038
46.875000;-0.000377;-0.000333
52.083332;-0.001048;-0.000585
57.291668;-0.000296;0.000119
62.500000;0.000981;0.000574
67.708336;0.000686;-0.000170
72.916664;-0.000779;-0.000392
78.125000;-0.000931;-0.000444
83.333336;0.000204;0.000583
88.541664;0.001040;0.000189
93.750000;0.000126;-0.000134
98.958336;-0.001048;-0.000581
104.166664;-0.000514;-0.000060
109.375000;0.000694;0.000620
114.583336;0.000938;0.000032
119.791664;-0.000447;-0.000382
125.000000;-0.000985;-0.000487
130.208328;-0.000212;0.000346
135.416672;0.001067;0.000508
140.625000;0.000430;-0.000204
145.833328;-0.000814;-0.000405
151.041672;-0.000901;-0.000403
156.250000;0.000455;0.000473
161.458328;0.001044;0.000345
166.666672;0.000080;-0.000364
171.875000;-0.001084;-0.000487
177.083328;-0.000482;-0.000035
182.291672;0.000736;0.000618
187.500000;0.000964;-0.000028
192.708328;-0.000699;-0.000333
197.916672;-0.000850;-0.000496
203.125000;-0.000043;0.000430
208.333328;0.001012;0.000400
213.541672;0.000371;-0.000232
218.750000;-0.000989;-0.000463
223.958328;-0.000781;-0.000277
229.166672;0.000501;0.000575
234.375000;0.001040;0.000164
239.583328;-0.000202;-0.000433
244.791672;-0.000982;-0.000519
250.000000;-0.000498;0.000171
255.208328;0.001081;0.000578
260.416656;0.000590;-0.000064
265.625000;-0.000626;-0.000448
270.833344;-0.001024;-0.000382
276.041656;0.000148;0.000419
281.250000;0.001019;0.000411
286.458344;0.000188;-0.000296
291.666656;-0.001020;-0.000474
296.875000;-0.000718;-0.000212
302.083344;0.000614;0.000782
307.291656;0.000994;-0.000121
312.500000;-0.000387;-0.000290
317.708344;-0.000964;-0.000518
322.916656;-0.000262;0.000240
328.125000;0.001022;0.000526
333.333344;0.000683;-0.000219
338.541656;-0.000846;-0.000451
343.750000;-0.000882;-0.000375
348.958344;0.000191;0.000580
354.166656;0.001156;0.000231
359.375000;-0.000058;-0.000195
364.583344;-0.001043;-0.000565
369.791656;-0.000444;0.000031
375.000000;0.000674;0.000626
380.208344;0.000945;0.000026
385.416656;-0.000501;-0.000400
390.625000;-0.001076;-0.000513
395.833344;0.000040;0.000334
401.041656;0.000900;0.000474
406.250000;0.000469;-0.000249
411.458344;-0.001017;-0.000532
416.666656;-0.000755;-0.000309
421.875000;0.000374;0.000705
427.083344;0.001155;0.000023
432.291656;-0.000152;-0.000225
437.500000;-0.001113;-0.000562
442.708344;-0.000459;0.000081
447.916656;0.000807;0.000639
453.125000;0.000791;-0.000162
458.333344;-0.000627;-0.000337
463.541656;-0.001022;-0.000512
468.750000;0.000183;0.000530
473.958344;0.001002;0.000330
479.166656;0.000320;-0.000275
484.375000;-0.001082;-0.000562
489.583344;-0.000710;-0.000101
494.791656;0.000542;0.000647
500.000000;0.001066;0.000115
505.208344;-0.000290;-0.000462
510.416656;-0.001117;-0.000416
515.625000;-0.000176;0.000169
520.833313;0.000757;0.000652
526.041687;0.000787;-0.000173
531.250000;-0.000812;-0.000434
536.458313;-0.000905;-0.000366
541.666687;0.000249;0.000589
546.875000;0.001147;0.000253
552.083313;0.000085;-0.000284
557.291687;-0.000903;-0.000505
562.500000;-0.000683;0.000054
567.708313;0.000764;0.000652
572.916687;0.000779;-0.000059
578.125000;-0.000329;-0.000397
583.333313;-0.001067;-0.000505
588.541687;-0.000101;0.000488
593.750000;0.000997;0.000399
598.958313;0.000569;-0.000122
604.166687;-0.000798;-0.000521
609.375000;-0.000908;-0.000072
614.583313;0.000392;0.000465
619.791687;0.001029;0.000281
625.000000;-0.000016;-0.000432
630.208313;-0.001079;-0.000441
635.416687;-0.000330;0.000135
640.625000;0.000714;0.000750
645.833313;0.000799;-0.000212
651.041687;-0.000542;-0.000351
656.250000;-0.001030;-0.000429
661.458313;0.000034;0.000480
666.666687;0.001023;0.000416
671.875000;0.000331;-0.000276
677.083313;-0.000877;-0.000542
682.291687;-0.000695;0.000027
687.500000;0.000441;0.000497
692.708313;0.001135;0.000209
697.916687;-0.000253;-0.000456
703.125000;-0.001008;-0.000424
708.333313;-0.000442;0.000195
713.541687;0.000951;0.000621
718.750000;0.000754;-0.000254
723.958313;-0.000721;-0.000388
729.166687;-0.000953;-0.000434
734.375000;0.000167;0.000616
739.583313;0.001116;0.000192
744.791687;0.000217;-0.000278
750.000000;-0.000998;-0.000488
755.208313;-0.000592;-0.000111
760.416687;0.000592;0.000668
765.625000;0.000936;-0.000111
770.833313;-0.000318;-0.000359
776.041687;-0.001093;-0.000405
781.250000;-0.000226;0.000175
786.458313;0.001063;0.000503
791.666687;0.000565;-0.000200
796.875000;-0.000811;-0.000550
802.083313;-0.000906;-0.000177
807.291687;0.000341;0.000601
812.500000;0.001038;0.000206
817.708313;0.000077;-0.000242
822.916687;-0.001155;-0.000515
828.125000;-0.000540;0.000054
833.333313;0.000737;0.000504
838.541687;0.000907;0.000008
843.750000;-0.000547;-0.000398
848.958313;-0.000996;-0.000386
854.166687;-0.000009;0.000349
859.375000;0.001000;0.000354
864.583313;0.000452;-0.000150
869.791687;-0.000884;-0.000507
875.000000;-0.000857;-0.000203
880.208313;0.000391;0.000466
885.416687;0.001170;0.000227
890.625000;-0.000203;-0.000259
895.833313;-0.001081;-0.000410
901.041687;-0.000524;0.000009
906.250000;0.001071;0.000586
911.458313;0.000683;-0.000126
916.666687;-0.000695;-0.000353
921.875000;-0.001127;-0.000423
927.083313;0.000155;0.000351
932.291687;0.001116;0.000357
937.500000;0.000368;-0.000167
942.708313;-0.001091;-0.000509
947.916687;-0.000702;-0.000100
953.125000;0.000666;0.000452
958.333313;0.001117;0.000230
963.541687;-0.000355;-0.000234
968.750000;-0.001201;-0.000524
973.958313;-0.000147;0.000120
979.166687;0.000936;0.000454
984.375000;0.000686;0.000082
989.583313;-0.000947;-0.000497
994.791687;-0.001002;-0.000319
1000.000000;0.000349;0.000271
1005.208313;0.001208;0.000355
1010.416687;0.000102;-0.000065
1015.625000;-0.001213;-0.000572
1020.833313;-0.000549;-0.000205
1026.041626;0.000891;0.000514
1031.250000;0.000978;0.000153
1036.458374;-0.000547;-0.000205
1041.666626;-0.001228;-0.000569
1046.875000;-0.000112;-0.000005
1052.083374;0.001214;0.000496
1057.291626;0.000540;0.000081
1062.500000;-0.001166;-0.000471
1067.708374;-0.000870;-0.000366
1072.916626;0.000438;0.000253
1078.125000;0.001393;0.000523
1083.333374;-0.000224;-0.000085
1088.541626;-0.001301;-0.000618
1093.750000;-0.000384;-0.000178
1098.958374;0.001166;0.000422
1104.166626;0.000886;0.000417
1109.375000;-0.000808;-0.000390
1114.583374;-0.001262;-0.000589
1119.791626;0.000270;0.000117
1125.000000;0.001360;0.000480
1130.208374;0.000289;0.000223
1135.416626;-0.001284;-0.000626
1140.625000;-0.000852;-0.000483
1145.833374;0.000797;0.000371
1151.041626;0.001203;0.000428
1156.250000;-0.000340;0.000099
1161.458374;-0.001427;-0.000863
1166.666626;-0.000277;-0.000135
1171.875000;0.001262;0.000564
1177.083374;0.000806;0.000318
1182.291626;-0.000981;-0.000376
1187.500000;-0.001258;-0.000814
1192.708374;0.000568;0.000231
1197.916626;0.001381;0.000575
1203.125000;-0.000011;0.000200
1208.333374;-0.001761;-0.000770
1213.541626;-0.000425;-0.000420
1218.750000;0.001827;0.000345
1223.958374;0.000897;0.000613
1229.166626;-0.002435;-0.000195
1234.375000;-0.001346;-0.000858
1239.583374;0.003031;-0.000137
1244.791626;0.002620;0.000599
1250.000000;-0.004330;0.000467
1255.208374;-0.004638;-0.000491
1260.416626;0.004872;-0.000659
1265.625000;0.007922;0.000138
1270.833374;-0.004190;0.000747
1276.041626;-0.012550;0.000095
1281.250000;0.001019;-0.000846
1286.458374;0.016539;-0.000518
1291.666626;0.005262;0.000496
1296.875000;-0.018567;0.000602
1302.083374;-0.014866;-0.000182
1307.291626;0.016147;-0.000878
1312.500000;0.025329;-0.000204
1317.708374;-0.007292;0.000817
1322.916626;-0.034461;0.000268
1328.125000;-0.008132;-0.000451
1333.333374;0.036641;-0.000643
1338.541626;0.027981;0.000325
1343.750000;-0.029587;0.000478
1348.958374;-0.048421;-0.000063
1354.166626;0.010438;-0.000340
1359.375000;0.061438;0.000089
1364.583374;0.017972;-0.000268
1369.791626;-0.062434;-0.000548
1375.000000;-0.051940;0.000736
1380.208374;0.045591;0.001480
1385.416626;0.079566;-0.000851
1390.625000;-0.011703;-0.003239
1395.833374;-0.095969;0.000168
1401.041626;-0.034726;0.005247
1406.250000;0.087327;0.001675
1411.458374;0.080677;-0.006448
1416.666626;-0.055290;-0.005700
1421.875000;-0.118891;0.006703
1427.083374;0.000655;0.009857
1432.291626;0.127269;-0.003690
1437.500000;0.063468;-0.014641
1442.708374;-0.108399;-0.001922
1447.916626;-0.126436;0.016733
1453.125000;0.054041;0.010486
1458.333374;0.158947;-0.015107
1463.541626;0.021905;-0.020067
1468.750000;-0.164278;0.008031
1473.958374;-0.107114;0.027412
1479.166626;0.119803;0.004168
1484.375000;0.167976;-0.029945
1489.583374;-0.042106;-0.019945
1494.791626;-0.206224;0.024633
1500.000000;-0.058988;0.034618
1505.208374;0.181738;-0.010830
1510.416626;0.149832;-0.044972
1515.625000;-0.116325;-0.009890
1520.833374;-0.226081;0.044700
1526.041626;0.009615;0.033060
1531.250000;0.231804;-0.033150
1536.458374;0.105836;-0.053402
1541.666626;-0.195378;0.009508
1546.875000;-0.217777;0.062495
1552.083374;0.095440;0.020915
1557.291626;0.260484;-0.057786
1562.500000;0.033254;-0.052519
1567.708374;-0.265974;0.036073
1572.916626;-0.172429;0.073755
1578.125000;0.184064;-0.001428
1583.333374;0.255946;-0.081518
1588.541626;-0.057567;-0.039408
1593.750000;-0.311595;0.066680
1598.958374;-0.097409;0.074459
1604.166626;0.258736;-0.033677
1609.375000;0.221973;-0.097441
1614.583374;-0.155266;-0.012903
1619.791626;-0.328180;0.094710
1625.000000;-0.002150;0.060346
1630.208374;0.315121;-0.069566
1635.416626;0.158369;-0.100226
1640.625000;-0.253488;0.022531
1645.833374;-0.307897;0.113828
1651.041626;0.107099;0.034091
1656.250000;0.341411;-0.103524
1661.458374;0.066582;-0.089176
1666.666626;-0.335422;0.062717
1671.875000;-0.247072;0.121619
1677.083374;0.211344;-0.003344
1682.291626;0.332178;-0.131115
1687.500000;-0.039907;-0.062717
1692.708374;-0.388782;0.102500
1697.916626;-0.157229;0.114012
1703.125000;0.298742;-0.048341
1708.333374;0.292746;-0.145455
1713.541626;-0.153731;-0.023192
1718.750000;-0.410014;0.134656
1723.958374;-0.044840;0.090420
1729.166626;0.364057;-0.093180
1734.375000;0.221624;-0.144017
1739.583374;-0.266553;0.023532
1744.791626;-0.389400;0.154935
1750.000000;0.079474;0.054524
1755.208374;0.395272;-0.134082
1760.416626;0.123855;-0.126474
1765.625000;-0.360991;0.073185
1770.833374;-0.327737;0.161348
1776.041626;0.196706;0.007446
1781.250000;0.392403;-0.165487
1786.458374;0.010684;-0.092315
1791.666626;-0.428994;0.119935
1796.875000;-0.234577;0.150133
1802.083374;0.298905;-0.045166
1807.291626;0.357511;-0.181445
1812.500000;-0.113001;-0.045821
1817.708374;-0.462982;0.157144
1822.916626;-0.114731;0.123374
1828.125000;0.376431;-0.097465
1833.333374;0.289332;-0.180794
1838.541626;-0.235331;0.008379
1843.750000;-0.453252;0.181616
1848.958374;0.016832;0.082803
1854.166626;0.419871;-0.145021
1859.375000;0.196184;-0.162206
1864.583374;-0.342501;0.065362
1869.791626;-0.403567;0.189834
1875.000000;0.144238;0.031390
1880.208374;0.431127;-0.181637
1885.416626;0.084743;-0.126205
1890.625000;-0.427775;0.117786
1895.833374;-0.318635;0.180589
1901.041626;0.260206;-0.025230
1906.250000;0.409115;-0.202732
1911.458374;-0.040493;-0.077938
1916.666626;-0.480142;0.160808
1921.875000;-0.203507;0.156014
1927.083374;0.352469;-0.082420
1932.291626;0.354317;-0.207553
1937.500000;-0.166776;-0.021048
1942.708374;-0.492182;0.191911
1947.916626;-0.073441;0.116705
1953.125000;0.414533;-0.135800
1958.333374;0.274283;-0.193873
1963.541626;-0.285263;0.039797
1968.750000;-0.465517;0.206460
1973.958374;0.060266;0.066075
1979.166626;0.446268;-0.179215
1984.375000;0.171610;-0.162509
1989.583374;-0.387923;0.097252
1994.791626;-0.399450;0.204703
2000.000000;0.188136;0.008806
2005.208374;0.443493;-0.209490
2010.416626;0.052320;-0.117380
2015.625000;-0.461988;0.148062
2020.833374;-0.299797;0.186965
2026.041626;0.296224;-0.052074
2031.250000;0.409576;-0.223772
2036.458374;-0.073202;-0.060686
2041.666626;-0.502084;0.187618
2046.875000;-0.179552;0.152719
2052.083252;0.380815;-0.110913
2057.291748;0.348819;-0.218981
2062.500000;-0.200936;0.001604
2067.708252;-0.506853;0.211725
2072.916748;-0.043260;0.106099
2078.125000;0.439280;-0.161893
2083.333252;0.258525;-0.196140
2088.541748;-0.323955;0.063368
2093.750000;-0.466796;0.220046
2098.958252;0.100452;0.050222
2104.166748;0.461564;-0.202190
2109.375000;0.140850;-0.157633
2114.583252;-0.424974;0.121628
2119.791748;-0.380165;0.211191
2125.000000;0.232864;-0.011658
2130.208252;0.443979;-0.227079
2135.416748;0.007032;-0.104899
2140.625000;-0.490521;0.169569
2145.833252;-0.257438;0.185412
2151.041748;0.341178;-0.073665
2156.250000;0.389362;-0.233552
2161.458252;-0.134821;-0.044462
2166.666748;-0.511275;0.204108
2171.875000;-0.108887;0.146163
2177.083252;0.415730;-0.131160
2182.291748;0.297448;-0.223330
2187.500000;-0.270521;0.019688
2192.708252;-0.475909;0.225019
2197.916748;0.047822;0.094887
2203.125000;0.444771;-0.182668
2208.333252;0.175857;-0.194816
2213.541748;-0.377751;0.085630
2218.750000;-0.388252;0.228744
2223.958252;0.187532;0.031690
2229.166748;0.428571;-0.221803
2234.375000;0.040006;-0.146323
2239.583252;-0.443892;0.146515
2244.791748;-0.264405;0.211294
2250.000000;0.297887;-0.038367
2255.208252;0.373009;-0.240886
2260.416748;-0.099692;-0.081616
2265.625000;-0.460769;0.193941
2270.833252;-0.117667;0.172751
2276.041748;0.368756;-0.107049
2281.250000;0.280623;-0.236042
2286.458252;-0.225634;-0.007851
2291.666748;-0.421505;0.222062
2296.875000;0.029241;0.116356
2302.083252;0.391516;-0.166738
2307.291748;0.165531;-0.205528
2312.500000;-0.318370;0.066425
2317.708252;-0.337766;0.226048
2322.916748;0.153984;0.047257
2328.125000;0.373421;-0.207742
2333.333252;0.042151;-0.152244
2338.541748;-0.371612;0.129781
2343.750000;-0.225351;0.205726
2348.958252;0.249719;-0.024676
2354.166748;0.319376;-0.224780
2359.375000;-0.080441;-0.085350
2364.583252;-0.378471;0.175630
2369.791748;-0.096955;0.165582
2375.000000;0.306397;-0.091877
2380.208252;0.234106;-0.217070
2385.416748;-0.183113;-0.012725
2390.625000;-0.338227;0.200491
2395.833252;0.024545;0.109212
2401.041748;0.320241;-0.146773
2406.250000;0.135742;-0.184878
2411.458252;-0.254476;0.056736
2416.666748;-0.266144;0.200718
2421.875000;0.124558;0.044023
2427.083252;0.302312;-0.181051
2432.291748;0.032494;-0.133563
2437.500000;-0.292703;0.111934
2442.708252;-0.173059;0.179643
2447.916748;0.200614;-0.019961
2453.125000;0.253170;-0.192716
2458.333252;-0.066002;-0.073778
2463.541748;-0.291733;0.150459
2468.750000;-0.069829;0.142108
2473.958252;0.241417;-0.077433
2479.166748;0.181485;-0.183233
2484.375000;-0.143621;-0.010857
2489.583252;-0.255408;0.169261
2494.791748;0.022867;0.092468
2500.000000;0.249472;-0.122357
2505.208252;0.102568;-0.153236
2510.416748;-0.195726;0.046382
2515.625000;-0.198308;0.167303
2520.833252;0.099946;0.037536
2526.041748;0.232833;-0.148227
2531.250000;0.020567;-0.110689
2536.458252;-0.221854;0.090965
2541.666748;-0.124043;0.148982
2546.875000;0.156664;-0.014621
2552.083252;0.190467;-0.156901
2557.291748;-0.054741;-0.061759
2562.500000;-0.215711;0.122108
2567.708252;-0.045374;0.117762
2572.916748;0.184167;-0.061393
2578.125000;0.133174;-0.148387
2583.333252;-0.110613;-0.010597
2588.541748;-0.185608;0.136848
2593.750000;0.023276;0.076756
2598.958252;0.188249;-0.096377
2604.166748;0.071818;-0.123910
2609.375000;-0.147862;0.034678
2614.583252;-0.140267;0.134798
2619.791748;0.080899;0.033484
2625.000000;0.171914;-0.117033
2630.208252;0.008694;-0.090398
2635.416748;-0.162941;0.070158
2640.625000;-0.082431;0.120851
2645.833252;0.119763;-0.008433
2651.041748;0.136139;-0.124127
2656.250000;-0.044988;-0.051895
2661.458252;-0.153476;0.095599
2666.666748;-0.025813;0.095672
2671.875000;0.136159;-0.045539
2677.083252;0.093239;-0.116992
2682.291748;-0.083303;-0.011704
2687.500000;-0.130280;0.106702
2692.708252;0.023245;0.063607
2697.916748;0.137476;-0.072070
2703.125000;0.047353;-0.098643
2708.333252;-0.108724;0.022900
2713.541748;-0.094990;0.105753
2718.750000;0.064146;0.031033
2723.958252;0.122649;-0.088734
2729.166748;0.000923;-0.074054
2734.375000;-0.115898;0.051058
2739.583252;-0.052187;0.096439
2744.791748;0.089147;-0.001843
2750.000000;0.094907;-0.095713
2755.208252;-0.035693;-0.044243
2760.416748;-0.107277;0.071685
2765.625000;-0.012660;0.077320
2770.833252;0.099558;-0.030724
2776.041748;0.063727;-0.091061
2781.250000;-0.062610;-0.013516
2786.458252;-0.089465;0.081141
2791.666748;0.022675;0.053634
2796.875000;0.099283;-0.052020
2802.083252;0.029196;-0.078284
2807.291748;-0.079557;0.013222
2812.500000;-0.061958;0.082425
2817.708252;0.050931;0.028302
2822.916748;0.085988;-0.066541
2828.125000;-0.003967;-0.060042
2833.333252;-0.081558;0.036736
2838.541748;-0.031469;0.075561
2843.750000;0.066570;0.002115
2848.958252;0.065499;-0.072497
2854.166748;-0.028497;-0.036357
2859.375000;-0.074664;0.052800
2864.583252;-0.004063;0.060884
2869.791748;0.073386;-0.020276
2875.000000;0.043056;-0.069024
2880.208252;-0.047594;-0.013220
2885.416748;-0.060977;0.060575
2890.625000;0.021252;0.043244
2895.833252;0.072033;-0.037098
2901.041748;0.017396;-0.060300
2906.250000;-0.058003;0.007781
2911.458252;-0.040380;0.062516
2916.666748;0.040249;0.023584
2921.875000;0.061051;-0.049176
2927.083252;-0.005375;-0.045919
2932.291748;-0.058137;0.026265
2937.500000;-0.019244;0.057213
2942.708252;0.050466;0.002838
2947.916748;0.046721;-0.053321
2953.125000;-0.022581;-0.027688
2958.333252;-0.053274;0.038265
2963.541748;0.000426;0.045729
2968.750000;0.055507;-0.013770
2973.958252;0.029692;-0.050507
2979.166748;-0.036420;-0.010728
2984.375000;-0.042534;0.044279
2989.583252;0.018992;0.032668
2994.791748;0.053389;-0.026678
3000.000000;0.010667;-0.044097
3005.208252;-0.042831;0.005629
3010.416748;-0.027107;0.045749
3015.625000;0.031802;0.017231
3020.833252;0.045003;-0.035542
3026.041748;-0.005215;-0.032598
3031.250000;-0.042648;0.019195
3036.458252;-0.012232;0.040786
3041.666748;0.039332;0.002011
3046.875000;0.034535;-0.037622
3052.083252;-0.018177;-0.019349
3057.291748;-0.039004;0.027158
3062.500000;0.002865;0.032610
3067.708252;0.042938;-0.009495
3072.916748;0.021078;-0.035722
3078.125000;-0.027935;-0.007511
3083.333252;-0.030269;0.031758
3088.541748;0.016362;0.023277
3093.750000;0.040369;-0.019186
3098.958252;0.007378;-0.030961
3104.166748;-0.032151;0.004549
3109.375000;-0.019028;0.032708
3114.583252;0.025291;0.011703
3119.791748;0.034566;-0.025112
3125.000000;-0.004255;-0.022354
3130.208252;-0.032403;0.013969
3135.416748;-0.007899;0.028845
3140.625000;0.031522;0.001194
3145.833252;0.026505;-0.026311
3151.041748;-0.014366;-0.013397
3156.250000;-0.029541;0.019612
3161.458252;0.003825;0.023071
3166.666748;0.033822;-0.006875
3171.875000;0.016198;-0.025412
3177.083252;-0.021809;-0.004800
3182.291748;-0.022611;0.023132
3187.500000;0.013901;0.016269
3192.708252;0.032020;-0.013985
3197.916748;0.005718;-0.021769
3203.125000;-0.024809;0.004107
3208.333252;-0.014405;0.023416
3213.541748;0.021047;0.007743
3218.750000;0.027708;-0.017928
3223.958252;-0.003429;-0.015353
3229.166748;-0.025587;0.010530
3234.375000;-0.005338;0.020408
3239.583252;0.026060;0.000646
3244.791748;0.021190;-0.018603
3250.000000;-0.011699;-0.009216
3255.208252;-0.023015;0.014473
3260.416748;0.004014;0.016774
3265.625000;0.027815;-0.005375
3270.833252;0.012921;-0.018278
3276.041748;-0.017391;-0.002894
3281.250000;-0.017796;0.017251
3286.458252;0.012126;0.011541
3291.666748;0.026427;-0.010386
3296.875000;0.004800;-0.015499
3302.083252;-0.020352;0.003550
3307.291748;-0.011021;0.016978
3312.500000;0.018075;0.005600
3317.708252;0.023032;-0.012941
3322.916748;-0.002986;-0.011045
3328.125000;-0.021018;0.007859
3333.333252;-0.003398;0.015167
3338.541748;0.022232;0.000752
3343.750000;0.017653;-0.013739
3348.958252;-0.010068;-0.006921
3354.166748;-0.018616;0.010816
3359.375000;0.004352;0.012876
3364.583252;0.023669;-0.003689
3369.791748;0.010700;-0.013892
3375.000000;-0.014908;-0.002156
3380.208252;-0.014145;0.012989
3385.416748;0.011165;0.009088
3390.625000;0.022678;-0.007634
3395.833252;0.003301;-0.011635
3401.041748;-0.017299;0.002418
3406.250000;-0.008254;0.012810
3411.458252;0.016376;0.005067
3416.666748;0.019325;-0.009536
3421.875000;-0.003324;-0.008780
3427.083252;-0.017505;0.005341
3432.291748;-0.001567;0.012088
3437.500000;0.019647;0.001514
3442.708252;0.014350;-0.010718
3447.916748;-0.009041;-0.005871
3453.125000;-0.015300;0.008236
3458.333252;0.005028;0.010625
3463.541748;0.020686;-0.002480
3468.750000;0.008379;-0.010829
3473.958252;-0.013023;-0.002008
3479.166748;-0.011152;0.010116
3484.375000;0.010891;0.007492
3489.583252;0.019282;-0.005557
3494.791748;0.002097;-0.009018
3500.000000;-0.014778;0.001330
3505.208252;-0.005854;0.010030
3510.416748;0.014779;0.004548
3515.625000;0.016393;-0.006990
3520.833252;-0.003645;-0.007185
3526.041748;-0.014372;0.003815
3531.250000;-0.000446;0.009750
3536.458252;0.017533;0.001799
3541.666748;0.011995;-0.008307
3546.875000;-0.008280;-0.004990
3552.083252;-0.012425;0.006411
3557.291748;0.005301;0.008526
3562.500000;0.018152;-0.001426
3567.708252;0.006535;-0.008411
3572.916748;-0.011203;-0.001949
3578.125000;-0.008829;0.007879
3583.333252;0.010002;0.006254
3588.541748;0.016456;-0.003871
3593.750000;0.001566;-0.007153
3598.958252;-0.012564;0.000605
3604.166748;-0.004247;0.008023
3609.375000;0.013154;0.003975
3614.583252;0.014039;-0.005176
3619.791748;-0.003170;-0.006067
3625.000000;-0.012139;0.002716
3630.208252;0.000268;0.008077
3635.416748;0.015361;0.001796
3640.625000;0.010088;-0.006538
3645.833252;-0.007023;-0.004118
3651.041748;-0.010211;0.004981
3656.250000;0.005064;0.007004
3661.458252;0.015473;-0.000985
3666.666748;0.005753;-0.006475
3671.875000;-0.009334;-0.001632
3677.083252;-0.007068;0.006053
3682.291748;0.008796;0.004955
3687.500000;0.014290;-0.002496
3692.708252;0.001584;-0.005628
3697.916748;-0.010176;0.000210
3703.125000;-0.003688;0.006365
3708.333252;0.011607;0.003388
3713.541748;0.012148;-0.003651
3718.750000;-0.002150;-0.004810
3723.958252;-0.010150;0.002165
3729.166748;0.000422;0.006308
3734.375000;0.013128;0.001418
3739.583252;0.009037;-0.004745
3744.791748;-0.005440;-0.003050
3750.000000;-0.008467;0.003936
3755.208252;0.004191;0.005122
3760.416748;0.013131;-0.000516
3765.625000;0.005532;-0.004509
3770.833252;-0.007111;-0.000953
3776.041748;-0.006008;0.004299
3781.250000;0.006912;0.003686
3786.458252;0.012571;-0.001584
3791.666748;0.002404;-0.003773
3796.875000;-0.008185;0.000228
3802.083252;-0.003477;0.004216
3807.291748;0.009399;0.002531
3812.500000;0.011069;-0.002377
3817.708252;-0.000804;-0.002880
3822.916748;-0.008313;0.001524
3828.125000;-0.000271;0.004152
3833.333252;0.010709;0.000901
3838.541748;0.008633;-0.002702
3843.750000;-0.003241;-0.001570
3848.958252;-0.007241;0.002395
3854.166748;0.002511;0.002893
3859.375000;0.011178;-0.000021
3864.583252;0.006272;-0.002098
3869.791748;-0.004996;-0.000363
3875.000000;-0.005876;0.002075
3880.208252;0.004904;0.002222
3885.416748;0.011289;-0.000150
3890.625000;0.003630;-0.001656
3895.833252;-0.006343;-0.000056
3901.041748;-0.003958;0.002106
3906.250000;0.007423;0.001695
3911.458252;0.010260;-0.000652
3916.666748;0.000918;-0.001220
3921.875000;-0.006899;0.000574
3927.083252;-0.001523;0.001870
3932.291748;0.008957;0.000893
3937.500000;0.008733;-0.000645
3942.708252;-0.001416;-0.000453
3947.916748;-0.006544;0.000631
3953.125000;0.000776;0.001325
3958.333252;0.009806;0.000576
3963.541748;0.007148;-0.000050
3968.750000;-0.003321;-0.000243
3973.958252;-0.005954;0.000352
3979.166748;0.003116;0.001061
3984.375000;0.010464;0.000789
3989.583252;0.004893;-0.000085
3994.791748;-0.005010;-0.000325
4000.000000;-0.004629;0.000504
4005.208252;0.005405;0.001005
4010.416748;0.010164;0.000687
4015.625000;0.002533;0.000004
4020.833252;-0.005833;-0.000029
4026.041748;-0.002883;0.000306
4031.250000;0.007236;0.000841
4036.458252;0.009407;0.000819
4041.666748;0.000561;0.000272
4046.875000;-0.006509;-0.000254
4052.083252;-0.000961;-0.000055
4057.291748;0.008635;0.000908
4062.500000;0.008381;0.001164
4067.708252;-0.001805;0.000122
4072.916748;-0.006404;-0.000641
4078.125000;0.001208;0.000320
4083.333252;0.009738;0.001219
4088.541748;0.006467;0.000932
4093.750000;-0.003685;-0.000202
4098.958496;-0.005701;-0.000288
4104.166504;0.003364;0.000312
4109.375000;0.010140;0.001076
4114.583496;0.004669;0.000911
4119.791504;-0.005086;-0.000098
4125.000000;-0.004583;-0.000424
4130.208496;0.005475;0.000191
4135.416504;0.010162;0.001457
4140.625000;0.002451;0.000916
4145.833496;-0.006353;-0.000345
4151.041504;-0.002950;-0.000631
4156.250000;0.007581;0.000671
4161.458496;0.009353;0.001508
4166.666504;0.000003;0.000481
4171.875000;-0.006796;-0.000348
4177.083496;-0.000731;-0.000458
4182.291504;0.009013;0.000806
4187.500000;0.008052;0.001239
4192.708496;-0.002285;0.000662
4197.916504;-0.006725;-0.000512
4203.125000;0.001515;-0.000278
4208.333496;0.010209;0.000644
4213.541504;0.006260;0.001609
4218.750000;-0.004400;0.000550
4223.958496;-0.005826;-0.000649
4229.166504;0.004119;-0.000612
4234.375000;0.010631;0.001147
4239.583496;0.003702;0.001410
4244.791504;-0.006113;0.000484
4250.000000;-0.004096;-0.000965
4255.208496;0.006568;-0.000152
4260.416504;0.009945;0.001071
4265.625000;0.001223;0.001444
4270.833496;-0.006682;0.000314
4276.041504;-0.001845;-0.000777
4281.250000;0.008229;-0.000313
4286.458496;0.008861;0.001326
4291.666504;-0.001529;0.001603
4296.875000;-0.006695;0.000046
4302.083496;0.000464;-0.001395
4307.291504;0.009711;-0.000086
4312.500000;0.006757;0.001868
4317.708496;-0.003651;0.001512
4322.916504;-0.005825;-0.000591
4328.125000;0.003157;-0.001253
4333.333496;0.009909;0.000438
4338.541504;0.004195;0.001939
4343.750000;-0.004997;0.001189
4348.958496;-0.004265;-0.000849
4354.166504;0.005372;-0.001238
4359.375000;0.009438;0.000635
4364.583496;0.001871;0.002285
4369.791504;-0.005773;0.001016
4375.000000;-0.002320;-0.001251
4380.208496;0.007206;-0.001397
4385.416504;0.008289;0.001410
4390.625000;-0.000416;0.002422
4395.833496;-0.005869;0.000585
4401.041504;0.000085;-0.001962
4406.250000;0.008254;-0.000903
4411.458496;0.006497;0.001907
4416.666504;-0.125000;-0.001902
6583.333496;0.002865;0.000606
6588.541504;0.004904;0.002943
6593.750000;0.000817;0.001132
6598.958496;-0.002826;-0.002095
6604.166504;-0.001321;-0.002121
6609.375000;0.003532;0.001469
6614.583496;0.004291;0.003000
6619.791504;0.000100;0.000469
6625.000000;-0.002899;-0.002697
6630.208496;-0.000232;-0.001518
6635.416504;0.003948;0.002201
6640.625000;0.003809;0.003229
6645.833496;-0.000586;-0.000483
6651.041504;-0.002761;-0.002993
6656.250000;0.000208;-0.000659
6661.458496;0.004140;0.002721
